{
  "project_info": {
    "project_number": "762070421753",
    "project_id": "medmemo-767fb",
    "storage_bucket": "medmemo-767fb.appspot.com"
  },
  "client": [
    {
      "client_info": {
        "mobilesdk_app_id": "1:762070421753:android:d1d656fbe7d014673cd228",
        "android_client_info": {
          "package_name": "com.example.medmemo"
        }
      },
      "oauth_client": [
        {
          "client_id": "762070421753-38via4rgjphmljhcr7nu89ii4dr0vuv1.apps.googleusercontent.com",
          "client_type": 1,
          "android_info": {
            "package_name": "com.example.medmemo",
            "certificate_hash": "d12ea1c1702353d7f4ef327905bb39e88a0ca1cc"
          }
        },
        {
          "client_id": "762070421753-bajakuat7aobfco682t3jv0jauor51ot.apps.googleusercontent.com",
          "client_type": 3
        }
      ],
      "api_key": [
        {
          "current_key": "AIzaSyBqwo2hsFZY_mG1Vcf1eNdxvGa3a57Z9pY"
        }
      ],
      "services": {
        "appinvite_service": {
          "other_platform_oauth_client": [
            {
              "client_id": "762070421753-bajakuat7aobfco682t3jv0jauor51ot.apps.googleusercontent.com",
              "client_type": 3
            }
          ]
        }
      }
    }
  ],
  "configuration_version": "1"
}